{
    "code": "3ed56096-1fc2-416f-8c92-2c2120cfea27",
    "networkDeviceName": "Wi-Fi",
    "intervalMs": 10000,
    "slots": [
        {
            "code": "01",
            "portCommand": 14,
            "portState": 2,
            "state": 1
        },
        {
            "code": "02",
            "portCommand": 15,
            "portState": 3,
            "state": 1
        },
        {
            "code": "03",
            "portCommand": 18,
            "portState": 4,
            "state": 1
        },
        {
            "code": "04",
            "portCommand": 23,
            "portState": 17,
            "state": 1
        },
        {
            "code": "05",
            "portCommand": 24,
            "portState": 27,
            "state": 1
        },
        {
            "code": "06",
            "portCommand": 25,
            "portState": 10,
            "state": 1
        },
        {
            "code": "07",
            "portCommand": 8,
            "portState": 9,
            "state": 1
        },
        {
            "code": "08",
            "portCommand": 7,
            "portState": 5,
            "state": 1
        }
    ]
}